Meat_Type,Year,Measure,Value,Country
SHEEP,1990,THND_TONNE,602.873,India
SHEEP,1991,THND_TONNE,611.178,India
SHEEP,1992,THND_TONNE,619.043,India
SHEEP,1993,THND_TONNE,624.178,India
SHEEP,1994,THND_TONNE,626.0,India
SHEEP,1995,THND_TONNE,654.64,India
SHEEP,1996,THND_TONNE,663.126,India
SHEEP,1997,THND_TONNE,672.931,India
SHEEP,1998,THND_TONNE,678.951,India
SHEEP,1999,THND_TONNE,681.613,India
SHEEP,2000,THND_TONNE,677.903,India
SHEEP,2001,THND_TONNE,689.71,India
SHEEP,2002,THND_TONNE,692.029,India
SHEEP,2003,THND_TONNE,686.235,India
SHEEP,2004,THND_TONNE,715.233,India
SHEEP,2005,THND_TONNE,741.193,India
SHEEP,2006,THND_TONNE,766.721,India
SHEEP,2007,THND_TONNE,791.771,India
SHEEP,2008,THND_TONNE,772.583,India
SHEEP,2009,THND_TONNE,715.045,India
SHEEP,2010,THND_TONNE,759.717,India
SHEEP,2011,THND_TONNE,753.881,India
SHEEP,2012,THND_TONNE,743.068,India
SHEEP,2013,THND_TONNE,726.758,India
SHEEP,2014,THND_TONNE,717.47,India
SHEEP,2015,THND_TONNE,708.951,India
SHEEP,2016,THND_TONNE,722.37,India
SHEEP,2017,THND_TONNE,711.407,India
SHEEP,2018,THND_TONNE,713.248,India
SHEEP,2019,THND_TONNE,712.85,India
SHEEP,2020,THND_TONNE,720.496,India
SHEEP,2021,THND_TONNE,728.225,India
SHEEP,2022,THND_TONNE,735.714,India
SHEEP,2023,THND_TONNE,743.3,India
SHEEP,2024,THND_TONNE,750.91,India
SHEEP,2025,THND_TONNE,758.553,India
SHEEP,2026,THND_TONNE,766.116,India
SHEEP,2027,THND_TONNE,773.715,India
SHEEP,2028,THND_TONNE,781.307,India
SHEEP,2029,THND_TONNE,788.879,India
POULTRY,1990,THND_TONNE,391.342,India
POULTRY,1991,THND_TONNE,522.365,India
POULTRY,1992,THND_TONNE,540.181,India
POULTRY,1993,THND_TONNE,608.148,India
POULTRY,1994,THND_TONNE,625.0,India
POULTRY,1995,THND_TONNE,641.823,India
POULTRY,1996,THND_TONNE,659.871,India
POULTRY,1997,THND_TONNE,664.556,India
POULTRY,1998,THND_TONNE,737.949,India
POULTRY,1999,THND_TONNE,810.041,India
POULTRY,2000,THND_TONNE,903.782,India
POULTRY,2001,THND_TONNE,962.917,India
POULTRY,2002,THND_TONNE,1126.755,India
POULTRY,2003,THND_TONNE,1242.1,India
POULTRY,2004,THND_TONNE,1340.202,India
POULTRY,2005,THND_TONNE,1439.783,India
POULTRY,2006,THND_TONNE,1554.199,India
POULTRY,2007,THND_TONNE,1789.784,India
POULTRY,2008,THND_TONNE,1916.97,India
POULTRY,2009,THND_TONNE,2119.686,India
POULTRY,2010,THND_TONNE,2222.015,India
POULTRY,2011,THND_TONNE,2505.201,India
POULTRY,2012,THND_TONNE,2707.058,India
POULTRY,2013,THND_TONNE,2872.854,India
POULTRY,2014,THND_TONNE,3064.955,India
POULTRY,2015,THND_TONNE,3283.691,India
POULTRY,2016,THND_TONNE,3428.045,India
POULTRY,2017,THND_TONNE,3540.624,India
POULTRY,2018,THND_TONNE,3700.344,India
POULTRY,2019,THND_TONNE,3737.32,India
POULTRY,2020,THND_TONNE,3955.651,India
POULTRY,2021,THND_TONNE,4107.122,India
POULTRY,2022,THND_TONNE,4253.738,India
POULTRY,2023,THND_TONNE,4407.237,India
POULTRY,2024,THND_TONNE,4554.686,India
POULTRY,2025,THND_TONNE,4716.754,India
POULTRY,2026,THND_TONNE,4883.321,India
POULTRY,2027,THND_TONNE,5052.014,India
POULTRY,2028,THND_TONNE,5222.719,India
POULTRY,2029,THND_TONNE,5395.09,India
POULTRY,1990,THND_TONNE,0.0,Russia
POULTRY,1991,THND_TONNE,0.0,Russia
POULTRY,1992,THND_TONNE,1484.034,Russia
POULTRY,1993,THND_TONNE,1455.22,Russia
POULTRY,1994,THND_TONNE,1767.4,Russia
POULTRY,1995,THND_TONNE,1829.7,Russia
POULTRY,1996,THND_TONNE,1943.316,Russia
POULTRY,1997,THND_TONNE,2082.973,Russia
POULTRY,1998,THND_TONNE,1896.369,Russia
POULTRY,1999,THND_TONNE,1888.57,Russia
POULTRY,2000,THND_TONNE,1464.899,Russia
POULTRY,2001,THND_TONNE,2153.506,Russia
POULTRY,2002,THND_TONNE,2337.123,Russia
POULTRY,2003,THND_TONNE,2319.246,Russia
POULTRY,2004,THND_TONNE,2355.54,Russia
POULTRY,2005,THND_TONNE,2776.843,Russia
POULTRY,2006,THND_TONNE,2951.226,Russia
POULTRY,2007,THND_TONNE,3265.123,Russia
POULTRY,2008,THND_TONNE,3479.081,Russia
POULTRY,2009,THND_TONNE,3551.915,Russia
POULTRY,2010,THND_TONNE,3561.354,Russia
POULTRY,2011,THND_TONNE,3709.108,Russia
POULTRY,2012,THND_TONNE,4225.121,Russia
POULTRY,2013,THND_TONNE,4369.633,Russia
POULTRY,2014,THND_TONNE,4563.635,Russia
POULTRY,2015,THND_TONNE,4776.608,Russia
POULTRY,2016,THND_TONNE,4759.522,Russia
POULTRY,2017,THND_TONNE,5034.422,Russia
POULTRY,2018,THND_TONNE,5039.197,Russia
POULTRY,2019,THND_TONNE,5076.07,Russia
POULTRY,2020,THND_TONNE,5110.342,Russia
POULTRY,2021,THND_TONNE,5122.296,Russia
POULTRY,2022,THND_TONNE,5144.241,Russia
POULTRY,2023,THND_TONNE,5161.844,Russia
POULTRY,2024,THND_TONNE,5181.776,Russia
POULTRY,2025,THND_TONNE,5200.072,Russia
POULTRY,2026,THND_TONNE,5217.933,Russia
POULTRY,2027,THND_TONNE,5236.615,Russia
POULTRY,2028,THND_TONNE,5253.691,Russia
POULTRY,2029,THND_TONNE,5270.919,Russia
SHEEP,1990,THND_TONNE,0.0,Russia
SHEEP,1991,THND_TONNE,0.0,Russia
SHEEP,1992,THND_TONNE,348.367,Russia
SHEEP,1993,THND_TONNE,371.909,Russia
SHEEP,1994,THND_TONNE,317.324,Russia
SHEEP,1995,THND_TONNE,291.464,Russia
SHEEP,1996,THND_TONNE,238.658,Russia
SHEEP,1997,THND_TONNE,217.003,Russia
SHEEP,1998,THND_TONNE,191.276,Russia
SHEEP,1999,THND_TONNE,146.207,Russia
SHEEP,2000,THND_TONNE,142.092,Russia
SHEEP,2001,THND_TONNE,135.598,Russia
SHEEP,2002,THND_TONNE,139.443,Russia
SHEEP,2003,THND_TONNE,136.143,Russia
SHEEP,2004,THND_TONNE,145.717,Russia
SHEEP,2005,THND_TONNE,161.075,Russia
SHEEP,2006,THND_TONNE,169.768,Russia
SHEEP,2007,THND_TONNE,179.142,Russia
SHEEP,2008,THND_TONNE,205.258,Russia
SHEEP,2009,THND_TONNE,190.957,Russia
SHEEP,2010,THND_TONNE,193.377,Russia
SHEEP,2011,THND_TONNE,200.824,Russia
SHEEP,2012,THND_TONNE,199.274,Russia
SHEEP,2013,THND_TONNE,199.474,Russia
SHEEP,2014,THND_TONNE,208.641,Russia
SHEEP,2015,THND_TONNE,206.098,Russia
SHEEP,2016,THND_TONNE,215.817,Russia
SHEEP,2017,THND_TONNE,217.77,Russia
SHEEP,2018,THND_TONNE,213.729,Russia
SHEEP,2019,THND_TONNE,211.009,Russia
SHEEP,2020,THND_TONNE,211.576,Russia
SHEEP,2021,THND_TONNE,211.147,Russia
SHEEP,2022,THND_TONNE,211.574,Russia
SHEEP,2023,THND_TONNE,212.052,Russia
SHEEP,2024,THND_TONNE,212.45,Russia
SHEEP,2025,THND_TONNE,212.848,Russia
SHEEP,2026,THND_TONNE,213.245,Russia
SHEEP,2027,THND_TONNE,213.702,Russia
SHEEP,2028,THND_TONNE,214.174,Russia
SHEEP,2029,THND_TONNE,214.611,Russia
BEEF,1990,THND_TONNE,11047.425,United States
BEEF,1991,THND_TONNE,11076.048,United States
BEEF,1992,THND_TONNE,11145.846,United States
BEEF,1993,THND_TONNE,11018.411,United States
BEEF,1994,THND_TONNE,11527.967,United States
BEEF,1995,THND_TONNE,11726.191,United States
BEEF,1996,THND_TONNE,11902.566,United States
BEEF,1997,THND_TONNE,11767.677,United States
BEEF,1998,THND_TONNE,12051.787,United States
BEEF,1999,THND_TONNE,12324.702,United States
BEEF,2000,THND_TONNE,12502.563,United States
BEEF,2001,THND_TONNE,12351.209,United States
BEEF,2002,THND_TONNE,12737.932,United States
BEEF,2003,THND_TONNE,12338.907,United States
BEEF,2004,THND_TONNE,12667.489,United States
BEEF,2005,THND_TONNE,12663.362,United States
BEEF,2006,THND_TONNE,12833.822,United States
BEEF,2007,THND_TONNE,12841.442,United States
BEEF,2008,THND_TONNE,12447.318,United States
BEEF,2009,THND_TONNE,12268.343,United States
BEEF,2010,THND_TONNE,12032.32,United States
BEEF,2011,THND_TONNE,11689.672,United States
BEEF,2012,THND_TONNE,11701.59,United States
BEEF,2013,THND_TONNE,11569.143,United States
BEEF,2014,THND_TONNE,11211.285,United States
BEEF,2015,THND_TONNE,11276.32,United States
BEEF,2016,THND_TONNE,11678.355,United States
BEEF,2017,THND_TONNE,12046.112,United States
BEEF,2018,THND_TONNE,12175.84,United States
BEEF,2019,THND_TONNE,12374.514,United States
BEEF,2020,THND_TONNE,12386.595,United States
BEEF,2021,THND_TONNE,12403.84,United States
BEEF,2022,THND_TONNE,12121.05,United States
BEEF,2023,THND_TONNE,12177.263,United States
BEEF,2024,THND_TONNE,12240.244,United States
BEEF,2025,THND_TONNE,12348.722,United States
BEEF,2026,THND_TONNE,12507.083,United States
BEEF,2027,THND_TONNE,12639.514,United States
BEEF,2028,THND_TONNE,12822.208,United States
BEEF,2029,THND_TONNE,12902.458,United States
PIG,1990,THND_TONNE,712.404,Vietnam
PIG,1991,THND_TONNE,690.523,Vietnam
PIG,1992,THND_TONNE,807.69,Vietnam
PIG,1993,THND_TONNE,858.3,Vietnam
PIG,1994,THND_TONNE,945.138,Vietnam
PIG,1995,THND_TONNE,1000.681,Vietnam
PIG,1996,THND_TONNE,1047.484,Vietnam
PIG,1997,THND_TONNE,1089.498,Vietnam
PIG,1998,THND_TONNE,1161.425,Vietnam
PIG,1999,THND_TONNE,1248.972,Vietnam
PIG,2000,THND_TONNE,1404.531,Vietnam
PIG,2001,THND_TONNE,1487.739,Vietnam
PIG,2002,THND_TONNE,1639.938,Vietnam
PIG,2003,THND_TONNE,1786.104,Vietnam
PIG,2004,THND_TONNE,2268.723,Vietnam
PIG,2005,THND_TONNE,2277.456,Vietnam
PIG,2006,THND_TONNE,2597.806,Vietnam
PIG,2007,THND_TONNE,2564.975,Vietnam
PIG,2008,THND_TONNE,2786.974,Vietnam
PIG,2009,THND_TONNE,3062.346,Vietnam
PIG,2010,THND_TONNE,3047.922,Vietnam
PIG,2011,THND_TONNE,3117.908,Vietnam
PIG,2012,THND_TONNE,3213.08,Vietnam
PIG,2013,THND_TONNE,3362.623,Vietnam
PIG,2014,THND_TONNE,3518.102,Vietnam
PIG,2015,THND_TONNE,3580.12,Vietnam
PIG,2016,THND_TONNE,3669.954,Vietnam
PIG,2017,THND_TONNE,3736.858,Vietnam
PIG,2018,THND_TONNE,3884.225,Vietnam
PIG,2019,THND_TONNE,3241.798,Vietnam
PIG,2020,THND_TONNE,3154.699,Vietnam
PIG,2021,THND_TONNE,3300.171,Vietnam
PIG,2022,THND_TONNE,3445.025,Vietnam
PIG,2023,THND_TONNE,3594.349,Vietnam
PIG,2024,THND_TONNE,3742.971,Vietnam
PIG,2025,THND_TONNE,3894.828,Vietnam
PIG,2026,THND_TONNE,4094.367,Vietnam
PIG,2027,THND_TONNE,4275.093,Vietnam
PIG,2028,THND_TONNE,4358.456,Vietnam
PIG,2029,THND_TONNE,4431.887,Vietnam
BEEF,1990,THND_TONNE,0.0,Russia
BEEF,1991,THND_TONNE,0.0,Russia
BEEF,1992,THND_TONNE,4278.848,Russia
BEEF,1993,THND_TONNE,4006.307,Russia
BEEF,1994,THND_TONNE,3805.007,Russia
BEEF,1995,THND_TONNE,3304.497,Russia
BEEF,1996,THND_TONNE,3201.924,Russia
BEEF,1997,THND_TONNE,3219.442,Russia
BEEF,1998,THND_TONNE,2947.76,Russia
BEEF,1999,THND_TONNE,2508.128,Russia
BEEF,2000,THND_TONNE,2146.845,Russia
BEEF,2001,THND_TONNE,2338.327,Russia
BEEF,2002,THND_TONNE,2481.506,Russia
BEEF,2003,THND_TONNE,2524.366,Russia
BEEF,2004,THND_TONNE,2487.536,Russia
BEEF,2005,THND_TONNE,2607.293,Russia
BEEF,2006,THND_TONNE,2467.0,Russia
BEEF,2007,THND_TONNE,2721.951,Russia
BEEF,2008,THND_TONNE,2929.764,Russia
BEEF,2009,THND_TONNE,2652.627,Russia
BEEF,2010,THND_TONNE,2591.245,Russia
BEEF,2011,THND_TONNE,2747.424,Russia
BEEF,2012,THND_TONNE,2861.387,Russia
BEEF,2013,THND_TONNE,2513.937,Russia
BEEF,2014,THND_TONNE,2461.705,Russia
BEEF,2015,THND_TONNE,2232.391,Russia
BEEF,2016,THND_TONNE,2080.308,Russia
BEEF,2017,THND_TONNE,2046.123,Russia
BEEF,2018,THND_TONNE,2081.058,Russia
BEEF,2019,THND_TONNE,2098.465,Russia
BEEF,2020,THND_TONNE,2091.933,Russia
BEEF,2021,THND_TONNE,2088.603,Russia
BEEF,2022,THND_TONNE,2088.877,Russia
BEEF,2023,THND_TONNE,2088.868,Russia
BEEF,2024,THND_TONNE,2088.031,Russia
BEEF,2025,THND_TONNE,2088.417,Russia
BEEF,2026,THND_TONNE,2086.457,Russia
BEEF,2027,THND_TONNE,2084.276,Russia
BEEF,2028,THND_TONNE,2082.608,Russia
BEEF,2029,THND_TONNE,2080.4,Russia
BEEF,1990,THND_TONNE,164.316,Vietnam
BEEF,1991,THND_TONNE,165.344,Vietnam
BEEF,1992,THND_TONNE,172.917,Vietnam
BEEF,1993,THND_TONNE,170.8,Vietnam
BEEF,1994,THND_TONNE,175.699,Vietnam
BEEF,1995,THND_TONNE,179.945,Vietnam
BEEF,1996,THND_TONNE,175.6,Vietnam
BEEF,1997,THND_TONNE,164.285,Vietnam
BEEF,1998,THND_TONNE,163.284,Vietnam
BEEF,1999,THND_TONNE,178.821,Vietnam
BEEF,2000,THND_TONNE,186.0,Vietnam
BEEF,2001,THND_TONNE,194.488,Vietnam
BEEF,2002,THND_TONNE,200.33,Vietnam
BEEF,2003,THND_TONNE,205.187,Vietnam
BEEF,2004,THND_TONNE,224.133,Vietnam
BEEF,2005,THND_TONNE,264.871,Vietnam
BEEF,2006,THND_TONNE,304.573,Vietnam
BEEF,2007,THND_TONNE,406.921,Vietnam
BEEF,2008,THND_TONNE,520.114,Vietnam
BEEF,2009,THND_TONNE,621.148,Vietnam
BEEF,2010,THND_TONNE,586.863,Vietnam
BEEF,2011,THND_TONNE,816.874,Vietnam
BEEF,2012,THND_TONNE,845.722,Vietnam
BEEF,2013,THND_TONNE,1088.585,Vietnam
BEEF,2014,THND_TONNE,1332.012,Vietnam
BEEF,2015,THND_TONNE,1303.264,Vietnam
BEEF,2016,THND_TONNE,1301.019,Vietnam
BEEF,2017,THND_TONNE,1444.601,Vietnam
BEEF,2018,THND_TONNE,1231.617,Vietnam
BEEF,2019,THND_TONNE,1133.683,Vietnam
BEEF,2020,THND_TONNE,1159.863,Vietnam
BEEF,2021,THND_TONNE,1194.555,Vietnam
BEEF,2022,THND_TONNE,1227.34,Vietnam
BEEF,2023,THND_TONNE,1260.194,Vietnam
BEEF,2024,THND_TONNE,1293.216,Vietnam
BEEF,2025,THND_TONNE,1327.241,Vietnam
BEEF,2026,THND_TONNE,1358.668,Vietnam
BEEF,2027,THND_TONNE,1390.44,Vietnam
BEEF,2028,THND_TONNE,1421.68,Vietnam
BEEF,2029,THND_TONNE,1453.093,Vietnam
POULTRY,1990,THND_TONNE,169.56,Vietnam
POULTRY,1991,THND_TONNE,164.67,Vietnam
POULTRY,1992,THND_TONNE,175.52,Vietnam
POULTRY,1993,THND_TONNE,168.07,Vietnam
POULTRY,1994,THND_TONNE,170.05,Vietnam
POULTRY,1995,THND_TONNE,175.22,Vietnam
POULTRY,1996,THND_TONNE,196.597,Vietnam
POULTRY,1997,THND_TONNE,284.956,Vietnam
POULTRY,1998,THND_TONNE,299.736,Vietnam
POULTRY,1999,THND_TONNE,325.44,Vietnam
POULTRY,2000,THND_TONNE,365.342,Vietnam
POULTRY,2001,THND_TONNE,385.371,Vietnam
POULTRY,2002,THND_TONNE,430.243,Vietnam
POULTRY,2003,THND_TONNE,456.507,Vietnam
POULTRY,2004,THND_TONNE,427.458,Vietnam
POULTRY,2005,THND_TONNE,400.805,Vietnam
POULTRY,2006,THND_TONNE,473.363,Vietnam
POULTRY,2007,THND_TONNE,613.667,Vietnam
POULTRY,2008,THND_TONNE,781.966,Vietnam
POULTRY,2009,THND_TONNE,897.224,Vietnam
POULTRY,2010,THND_TONNE,1092.26,Vietnam
POULTRY,2011,THND_TONNE,1570.368,Vietnam
POULTRY,2012,THND_TONNE,1257.183,Vietnam
POULTRY,2013,THND_TONNE,1247.536,Vietnam
POULTRY,2014,THND_TONNE,1351.58,Vietnam
POULTRY,2015,THND_TONNE,1601.51,Vietnam
POULTRY,2016,THND_TONNE,1450.986,Vietnam
POULTRY,2017,THND_TONNE,1291.343,Vietnam
POULTRY,2018,THND_TONNE,1684.265,Vietnam
POULTRY,2019,THND_TONNE,1794.5,Vietnam
POULTRY,2020,THND_TONNE,1846.542,Vietnam
POULTRY,2021,THND_TONNE,1902.946,Vietnam
POULTRY,2022,THND_TONNE,1960.523,Vietnam
POULTRY,2023,THND_TONNE,2018.881,Vietnam
POULTRY,2024,THND_TONNE,2079.182,Vietnam
POULTRY,2025,THND_TONNE,2140.973,Vietnam
POULTRY,2026,THND_TONNE,2203.838,Vietnam
POULTRY,2027,THND_TONNE,2268.941,Vietnam
POULTRY,2028,THND_TONNE,2335.783,Vietnam
POULTRY,2029,THND_TONNE,2404.496,Vietnam
SHEEP,1990,THND_TONNE,2.79,Vietnam
SHEEP,1991,THND_TONNE,2.34,Vietnam
SHEEP,1992,THND_TONNE,2.34,Vietnam
SHEEP,1993,THND_TONNE,2.648,Vietnam
SHEEP,1994,THND_TONNE,3.22,Vietnam
SHEEP,1995,THND_TONNE,4.17,Vietnam
SHEEP,1996,THND_TONNE,4.65,Vietnam
SHEEP,1997,THND_TONNE,4.644,Vietnam
SHEEP,1998,THND_TONNE,4.71,Vietnam
SHEEP,1999,THND_TONNE,4.7,Vietnam
SHEEP,2000,THND_TONNE,4.825,Vietnam
SHEEP,2001,THND_TONNE,4.917,Vietnam
SHEEP,2002,THND_TONNE,5.439,Vietnam
SHEEP,2003,THND_TONNE,6.077,Vietnam
SHEEP,2004,THND_TONNE,7.914,Vietnam
SHEEP,2005,THND_TONNE,9.297,Vietnam
SHEEP,2006,THND_TONNE,10.652,Vietnam
SHEEP,2007,THND_TONNE,11.599,Vietnam
SHEEP,2008,THND_TONNE,9.724,Vietnam
SHEEP,2009,THND_TONNE,9.548,Vietnam
SHEEP,2010,THND_TONNE,9.246,Vietnam
SHEEP,2011,THND_TONNE,8.807,Vietnam
SHEEP,2012,THND_TONNE,8.07,Vietnam
SHEEP,2013,THND_TONNE,9.273,Vietnam
SHEEP,2014,THND_TONNE,11.363,Vietnam
SHEEP,2015,THND_TONNE,13.336,Vietnam
SHEEP,2016,THND_TONNE,13.228,Vietnam
SHEEP,2017,THND_TONNE,17.3,Vietnam
SHEEP,2018,THND_TONNE,18.0,Vietnam
SHEEP,2019,THND_TONNE,18.0,Vietnam
SHEEP,2020,THND_TONNE,18.648,Vietnam
SHEEP,2021,THND_TONNE,19.29,Vietnam
SHEEP,2022,THND_TONNE,19.928,Vietnam
SHEEP,2023,THND_TONNE,20.57,Vietnam
SHEEP,2024,THND_TONNE,21.203,Vietnam
SHEEP,2025,THND_TONNE,21.85,Vietnam
SHEEP,2026,THND_TONNE,22.477,Vietnam
SHEEP,2027,THND_TONNE,23.116,Vietnam
SHEEP,2028,THND_TONNE,23.758,Vietnam
SHEEP,2029,THND_TONNE,24.397,Vietnam
PIG,1990,THND_TONNE,0.0,Russia
PIG,1991,THND_TONNE,0.0,Russia
PIG,1992,THND_TONNE,0.0,Russia
PIG,1993,THND_TONNE,2792.227,Russia
PIG,1994,THND_TONNE,2514.14,Russia
PIG,1995,THND_TONNE,2378.134,Russia
PIG,1996,THND_TONNE,2216.252,Russia
PIG,1997,THND_TONNE,2239.944,Russia
PIG,1998,THND_TONNE,2216.9,Russia
PIG,1999,THND_TONNE,2018.0,Russia
PIG,2000,THND_TONNE,1791.508,Russia
PIG,2001,THND_TONNE,1913.071,Russia
PIG,2002,THND_TONNE,2226.72,Russia
PIG,2003,THND_TONNE,2109.241,Russia
PIG,2004,THND_TONNE,2171.142,Russia
PIG,2005,THND_TONNE,2381.957,Russia
PIG,2006,THND_TONNE,2574.325,Russia
PIG,2007,THND_TONNE,3045.058,Russia
PIG,2008,THND_TONNE,3329.991,Russia
PIG,2009,THND_TONNE,3202.871,Russia
PIG,2010,THND_TONNE,3087.74,Russia
PIG,2011,THND_TONNE,3411.927,Russia
PIG,2012,THND_TONNE,3363.74,Russia
PIG,2013,THND_TONNE,3559.835,Russia
PIG,2014,THND_TONNE,3334.421,Russia
PIG,2015,THND_TONNE,3378.912,Russia
PIG,2016,THND_TONNE,3572.59,Russia
PIG,2017,THND_TONNE,3738.69,Russia
PIG,2018,THND_TONNE,3727.922,Russia
PIG,2019,THND_TONNE,3849.082,Russia
PIG,2020,THND_TONNE,3875.48,Russia
PIG,2021,THND_TONNE,3912.982,Russia
PIG,2022,THND_TONNE,3921.593,Russia
PIG,2023,THND_TONNE,3937.891,Russia
PIG,2024,THND_TONNE,3954.784,Russia
PIG,2025,THND_TONNE,3971.868,Russia
PIG,2026,THND_TONNE,3989.693,Russia
PIG,2027,THND_TONNE,4009.136,Russia
PIG,2028,THND_TONNE,4025.114,Russia
PIG,2029,THND_TONNE,4045.359,Russia
PIG,1990,THND_TONNE,2071.813,Japan
PIG,1991,THND_TONNE,2082.682,Japan
PIG,1992,THND_TONNE,2089.852,Japan
PIG,1993,THND_TONNE,2079.114,Japan
PIG,1994,THND_TONNE,2097.024,Japan
PIG,1995,THND_TONNE,2110.846,Japan
PIG,1996,THND_TONNE,2220.733,Japan
PIG,1997,THND_TONNE,2064.941,Japan
PIG,1998,THND_TONNE,2051.12,Japan
PIG,1999,THND_TONNE,2099.959,Japan
PIG,2000,THND_TONNE,2179.85,Japan
PIG,2001,THND_TONNE,2236.454,Japan
PIG,2002,THND_TONNE,2350.444,Japan
PIG,2003,THND_TONNE,2316.988,Japan
PIG,2004,THND_TONNE,2474.045,Japan
PIG,2005,THND_TONNE,2459.773,Japan
PIG,2006,THND_TONNE,2304.243,Japan
PIG,2007,THND_TONNE,2349.367,Japan
PIG,2008,THND_TONNE,2390.896,Japan
PIG,2009,THND_TONNE,2333.597,Japan
PIG,2010,THND_TONNE,2364.555,Japan
PIG,2011,THND_TONNE,2404.854,Japan
PIG,2012,THND_TONNE,2389.876,Japan
PIG,2013,THND_TONNE,2383.58,Japan
PIG,2014,THND_TONNE,2411.883,Japan
PIG,2015,THND_TONNE,2454.667,Japan
PIG,2016,THND_TONNE,2518.737,Japan
PIG,2017,THND_TONNE,2605.978,Japan
PIG,2018,THND_TONNE,2609.678,Japan
PIG,2019,THND_TONNE,2627.589,Japan
PIG,2020,THND_TONNE,2615.523,Japan
PIG,2021,THND_TONNE,2603.574,Japan
PIG,2022,THND_TONNE,2586.426,Japan
PIG,2023,THND_TONNE,2569.295,Japan
PIG,2024,THND_TONNE,2552.687,Japan
PIG,2025,THND_TONNE,2536.612,Japan
PIG,2026,THND_TONNE,2519.968,Japan
PIG,2027,THND_TONNE,2503.904,Japan
PIG,2028,THND_TONNE,2486.912,Japan
PIG,2029,THND_TONNE,2470.829,Japan
SHEEP,1990,THND_TONNE,114.398,Brazil
SHEEP,1991,THND_TONNE,115.839,Brazil
SHEEP,1992,THND_TONNE,117.003,Brazil
SHEEP,1993,THND_TONNE,122.806,Brazil
SHEEP,1994,THND_TONNE,120.3,Brazil
SHEEP,1995,THND_TONNE,129.149,Brazil
SHEEP,1996,THND_TONNE,103.502,Brazil
SHEEP,1997,THND_TONNE,106.761,Brazil
SHEEP,1998,THND_TONNE,108.742,Brazil
SHEEP,1999,THND_TONNE,114.288,Brazil
SHEEP,2000,THND_TONNE,109.31,Brazil
SHEEP,2001,THND_TONNE,104.733,Brazil
SHEEP,2002,THND_TONNE,101.598,Brazil
SHEEP,2003,THND_TONNE,100.595,Brazil
SHEEP,2004,THND_TONNE,108.379,Brazil
SHEEP,2005,THND_TONNE,110.097,Brazil
SHEEP,2006,THND_TONNE,113.472,Brazil
SHEEP,2007,THND_TONNE,114.538,Brazil
SHEEP,2008,THND_TONNE,116.222,Brazil
SHEEP,2009,THND_TONNE,115.367,Brazil
SHEEP,2010,THND_TONNE,117.664,Brazil
SHEEP,2011,THND_TONNE,118.276,Brazil
SHEEP,2012,THND_TONNE,120.769,Brazil
SHEEP,2013,THND_TONNE,124.657,Brazil
SHEEP,2014,THND_TONNE,126.112,Brazil
SHEEP,2015,THND_TONNE,128.996,Brazil
SHEEP,2016,THND_TONNE,128.481,Brazil
SHEEP,2017,THND_TONNE,125.621,Brazil
SHEEP,2018,THND_TONNE,124.53,Brazil
SHEEP,2019,THND_TONNE,124.7,Brazil
SHEEP,2020,THND_TONNE,125.771,Brazil
SHEEP,2021,THND_TONNE,126.841,Brazil
SHEEP,2022,THND_TONNE,127.412,Brazil
SHEEP,2023,THND_TONNE,127.983,Brazil
SHEEP,2024,THND_TONNE,128.555,Brazil
SHEEP,2025,THND_TONNE,129.126,Brazil
SHEEP,2026,THND_TONNE,129.697,Brazil
SHEEP,2027,THND_TONNE,130.268,Brazil
SHEEP,2028,THND_TONNE,130.84,Brazil
SHEEP,2029,THND_TONNE,131.411,Brazil
PIG,1990,THND_TONNE,1062.5,Brazil
PIG,1991,THND_TONNE,1111.6,Brazil
PIG,1992,THND_TONNE,1148.8,Brazil
PIG,1993,THND_TONNE,1207.3,Brazil
PIG,1994,THND_TONNE,1268.0,Brazil
PIG,1995,THND_TONNE,1404.1,Brazil
PIG,1996,THND_TONNE,1545.3,Brazil
PIG,1997,THND_TONNE,1459.943,Brazil
PIG,1998,THND_TONNE,1572.929,Brazil
PIG,1999,THND_TONNE,1600.715,Brazil
PIG,2000,THND_TONNE,2411.059,Brazil
PIG,2001,THND_TONNE,2498.141,Brazil
PIG,2002,THND_TONNE,2419.18,Brazil
PIG,2003,THND_TONNE,2234.046,Brazil
PIG,2004,THND_TONNE,2142.913,Brazil
PIG,2005,THND_TONNE,2123.527,Brazil
PIG,2006,THND_TONNE,2452.498,Brazil
PIG,2007,THND_TONNE,2436.801,Brazil
PIG,2008,THND_TONNE,2547.631,Brazil
PIG,2009,THND_TONNE,2648.022,Brazil
PIG,2010,THND_TONNE,2762.815,Brazil
PIG,2011,THND_TONNE,2949.965,Brazil
PIG,2012,THND_TONNE,2981.47,Brazil
PIG,2013,THND_TONNE,2971.85,Brazil
PIG,2014,THND_TONNE,3200.516,Brazil
PIG,2015,THND_TONNE,3194.714,Brazil
PIG,2016,THND_TONNE,3092.877,Brazil
PIG,2017,THND_TONNE,3237.152,Brazil
PIG,2018,THND_TONNE,3413.437,Brazil
PIG,2019,THND_TONNE,3476.422,Brazil
PIG,2020,THND_TONNE,3475.35,Brazil
PIG,2021,THND_TONNE,3527.201,Brazil
PIG,2022,THND_TONNE,3606.641,Brazil
PIG,2023,THND_TONNE,3587.927,Brazil
PIG,2024,THND_TONNE,3627.662,Brazil
PIG,2025,THND_TONNE,3672.042,Brazil
PIG,2026,THND_TONNE,3713.048,Brazil
PIG,2027,THND_TONNE,3756.08,Brazil
PIG,2028,THND_TONNE,3794.527,Brazil
PIG,2029,THND_TONNE,3837.861,Brazil
SHEEP,1990,THND_TONNE,180.365,United States
SHEEP,1991,THND_TONNE,179.985,United States
SHEEP,1992,THND_TONNE,176.206,United States
SHEEP,1993,THND_TONNE,172.812,United States
SHEEP,1994,THND_TONNE,157.085,United States
SHEEP,1995,THND_TONNE,156.897,United States
SHEEP,1996,THND_TONNE,151.266,United States
SHEEP,1997,THND_TONNE,150.776,United States
SHEEP,1998,THND_TONNE,163.105,United States
SHEEP,1999,THND_TONNE,162.407,United States
SHEEP,2000,THND_TONNE,160.538,United States
SHEEP,2001,THND_TONNE,166.772,United States
SHEEP,2002,THND_TONNE,172.788,United States
SHEEP,2003,THND_TONNE,166.535,United States
SHEEP,2004,THND_TONNE,168.999,United States
SHEEP,2005,THND_TONNE,161.366,United States
SHEEP,2006,THND_TONNE,161.473,United States
SHEEP,2007,THND_TONNE,174.677,United States
SHEEP,2008,THND_TONNE,155.466,United States
SHEEP,2009,THND_TONNE,153.591,United States
SHEEP,2010,THND_TONNE,143.761,United States
SHEEP,2011,THND_TONNE,133.758,United States
SHEEP,2012,THND_TONNE,135.839,United States
SHEEP,2013,THND_TONNE,146.832,United States
SHEEP,2014,THND_TONNE,158.367,United States
SHEEP,2015,THND_TONNE,165.402,United States
SHEEP,2016,THND_TONNE,165.788,United States
SHEEP,2017,THND_TONNE,177.269,United States
SHEEP,2018,THND_TONNE,189.068,United States
SHEEP,2019,THND_TONNE,165.54,United States
SHEEP,2020,THND_TONNE,162.152,United States
SHEEP,2021,THND_TONNE,162.33,United States
SHEEP,2022,THND_TONNE,164.193,United States
SHEEP,2023,THND_TONNE,165.057,United States
SHEEP,2024,THND_TONNE,165.845,United States
SHEEP,2025,THND_TONNE,166.966,United States
SHEEP,2026,THND_TONNE,167.744,United States
SHEEP,2027,THND_TONNE,168.741,United States
SHEEP,2028,THND_TONNE,169.797,United States
SHEEP,2029,THND_TONNE,170.753,United States
PIG,1990,THND_TONNE,7271.306,United States
PIG,1991,THND_TONNE,7438.693,United States
PIG,1992,THND_TONNE,7927.068,United States
PIG,1993,THND_TONNE,7901.17,United States
PIG,1994,THND_TONNE,8087.108,United States
PIG,1995,THND_TONNE,8059.439,United States
PIG,1996,THND_TONNE,7618.093,United States
PIG,1997,THND_TONNE,7629.886,United States
PIG,1998,THND_TONNE,8304.833,United States
PIG,1999,THND_TONNE,8597.4,United States
PIG,2000,THND_TONNE,8456.333,United States
PIG,2001,THND_TONNE,8387.84,United States
PIG,2002,THND_TONNE,8684.944,United States
PIG,2003,THND_TONNE,8815.578,United States
PIG,2004,THND_TONNE,8816.304,United States
PIG,2005,THND_TONNE,8669.975,United States
PIG,2006,THND_TONNE,8640.945,United States
PIG,2007,THND_TONNE,8966.171,United States
PIG,2008,THND_TONNE,8814.218,United States
PIG,2009,THND_TONNE,8998.38,United States
PIG,2010,THND_TONNE,8656.821,United States
PIG,2011,THND_TONNE,8332.955,United States
PIG,2012,THND_TONNE,8408.706,United States
PIG,2013,THND_TONNE,8684.036,United States
PIG,2014,THND_TONNE,8650.017,United States
PIG,2015,THND_TONNE,9340.839,United States
PIG,2016,THND_TONNE,9476.463,United States
PIG,2017,THND_TONNE,9541.327,United States
PIG,2018,THND_TONNE,9748.165,United States
PIG,2019,THND_TONNE,10126.008,United States
PIG,2020,THND_TONNE,10177.303,United States
PIG,2021,THND_TONNE,10191.614,United States
PIG,2022,THND_TONNE,10212.93,United States
PIG,2023,THND_TONNE,10240.507,United States
PIG,2024,THND_TONNE,10351.712,United States
PIG,2025,THND_TONNE,10440.556,United States
PIG,2026,THND_TONNE,10513.526,United States
PIG,2027,THND_TONNE,10544.739,United States
PIG,2028,THND_TONNE,10582.859,United States
PIG,2029,THND_TONNE,10626.998,United States
BEEF,1990,THND_TONNE,305.855,Indonesia
BEEF,1991,THND_TONNE,313.434,Indonesia
BEEF,1992,THND_TONNE,346.463,Indonesia
BEEF,1993,THND_TONNE,402.142,Indonesia
BEEF,1994,THND_TONNE,391.6,Indonesia
BEEF,1995,THND_TONNE,369.608,Indonesia
BEEF,1996,THND_TONNE,417.09,Indonesia
BEEF,1997,THND_TONNE,432.223,Indonesia
BEEF,1998,THND_TONNE,400.702,Indonesia
BEEF,1999,THND_TONNE,384.262,Indonesia
BEEF,2000,THND_TONNE,422.52,Indonesia
BEEF,2001,THND_TONNE,404.567,Indonesia
BEEF,2002,THND_TONNE,387.977,Indonesia
BEEF,2003,THND_TONNE,421.629,Indonesia
BEEF,2004,THND_TONNE,504.458,Indonesia
BEEF,2005,THND_TONNE,425.012,Indonesia
BEEF,2006,THND_TONNE,473.796,Indonesia
BEEF,2007,THND_TONNE,433.704,Indonesia
BEEF,2008,THND_TONNE,490.388,Indonesia
BEEF,2009,THND_TONNE,532.392,Indonesia
BEEF,2010,THND_TONNE,589.601,Indonesia
BEEF,2011,THND_TONNE,604.01,Indonesia
BEEF,2012,THND_TONNE,590.801,Indonesia
BEEF,2013,THND_TONNE,605.62,Indonesia
BEEF,2014,THND_TONNE,631.166,Indonesia
BEEF,2015,THND_TONNE,611.63,Indonesia
BEEF,2016,THND_TONNE,704.347,Indonesia
BEEF,2017,THND_TONNE,712.766,Indonesia
BEEF,2018,THND_TONNE,775.109,Indonesia
BEEF,2019,THND_TONNE,831.35,Indonesia
BEEF,2020,THND_TONNE,846.977,Indonesia
BEEF,2021,THND_TONNE,864.895,Indonesia
BEEF,2022,THND_TONNE,882.144,Indonesia
BEEF,2023,THND_TONNE,899.582,Indonesia
BEEF,2024,THND_TONNE,917.488,Indonesia
BEEF,2025,THND_TONNE,936.014,Indonesia
BEEF,2026,THND_TONNE,954.416,Indonesia
BEEF,2027,THND_TONNE,973.39,Indonesia
BEEF,2028,THND_TONNE,992.717,Indonesia
BEEF,2029,THND_TONNE,1012.425,Indonesia
POULTRY,1990,THND_TONNE,321.0,Argentina
POULTRY,1991,THND_TONNE,333.8,Argentina
POULTRY,1992,THND_TONNE,382.04,Argentina
POULTRY,1993,THND_TONNE,596.1,Argentina
POULTRY,1994,THND_TONNE,719.01,Argentina
POULTRY,1995,THND_TONNE,738.595,Argentina
POULTRY,1996,THND_TONNE,786.219,Argentina
POULTRY,1997,THND_TONNE,770.086,Argentina
POULTRY,1998,THND_TONNE,811.557,Argentina
POULTRY,1999,THND_TONNE,954.823,Argentina
POULTRY,2000,THND_TONNE,959.578,Argentina
POULTRY,2001,THND_TONNE,932.888,Argentina
POULTRY,2002,THND_TONNE,660.456,Argentina
POULTRY,2003,THND_TONNE,697.746,Argentina
POULTRY,2004,THND_TONNE,826.192,Argentina
POULTRY,2005,THND_TONNE,934.525,Argentina
POULTRY,2006,THND_TONNE,1086.653,Argentina
POULTRY,2007,THND_TONNE,1160.856,Argentina
POULTRY,2008,THND_TONNE,1273.18,Argentina
POULTRY,2009,THND_TONNE,1367.82,Argentina
POULTRY,2010,THND_TONNE,1464.41,Argentina
POULTRY,2011,THND_TONNE,1643.89,Argentina
POULTRY,2012,THND_TONNE,1749.15,Argentina
POULTRY,2013,THND_TONNE,1711.1,Argentina
POULTRY,2014,THND_TONNE,1777.8,Argentina
POULTRY,2015,THND_TONNE,1921.4,Argentina
POULTRY,2016,THND_TONNE,1924.5,Argentina
POULTRY,2017,THND_TONNE,1914.4,Argentina
POULTRY,2018,THND_TONNE,1939.0,Argentina
POULTRY,2019,THND_TONNE,1929.665,Argentina
POULTRY,2020,THND_TONNE,1955.504,Argentina
POULTRY,2021,THND_TONNE,1975.054,Argentina
POULTRY,2022,THND_TONNE,1994.604,Argentina
POULTRY,2023,THND_TONNE,2014.153,Argentina
POULTRY,2024,THND_TONNE,2033.703,Argentina
POULTRY,2025,THND_TONNE,2053.252,Argentina
POULTRY,2026,THND_TONNE,2072.802,Argentina
POULTRY,2027,THND_TONNE,2092.351,Argentina
POULTRY,2028,THND_TONNE,2111.901,Argentina
POULTRY,2029,THND_TONNE,2131.451,Argentina
BEEF,1990,THND_TONNE,2588.922,Argentina
BEEF,1991,THND_TONNE,2448.667,Argentina
BEEF,1992,THND_TONNE,2441.882,Argentina
BEEF,1993,THND_TONNE,2507.867,Argentina
BEEF,1994,THND_TONNE,2388.224,Argentina
BEEF,1995,THND_TONNE,2173.938,Argentina
BEEF,1996,THND_TONNE,2226.499,Argentina
BEEF,1997,THND_TONNE,2285.148,Argentina
BEEF,1998,THND_TONNE,2144.908,Argentina
BEEF,1999,THND_TONNE,2383.908,Argentina
BEEF,2000,THND_TONNE,2385.107,Argentina
BEEF,2001,THND_TONNE,2342.406,Argentina
BEEF,2002,THND_TONNE,2180.404,Argentina
BEEF,2003,THND_TONNE,2277.857,Argentina
BEEF,2004,THND_TONNE,2403.58,Argentina
BEEF,2005,THND_TONNE,2379.357,Argentina
BEEF,2006,THND_TONNE,2475.541,Argentina
BEEF,2007,THND_TONNE,2687.746,Argentina
BEEF,2008,THND_TONNE,2705.482,Argentina
BEEF,2009,THND_TONNE,2715.874,Argentina
BEEF,2010,THND_TONNE,2314.788,Argentina
BEEF,2011,THND_TONNE,2266.864,Argentina
BEEF,2012,THND_TONNE,2414.409,Argentina
BEEF,2013,THND_TONNE,2655.708,Argentina
BEEF,2014,THND_TONNE,2494.649,Argentina
BEEF,2015,THND_TONNE,2527.844,Argentina
BEEF,2016,THND_TONNE,2426.619,Argentina
BEEF,2017,THND_TONNE,2484.0,Argentina
BEEF,2018,THND_TONNE,2464.0,Argentina
BEEF,2019,THND_TONNE,2430.0,Argentina
BEEF,2020,THND_TONNE,2382.076,Argentina
BEEF,2021,THND_TONNE,2401.035,Argentina
BEEF,2022,THND_TONNE,2425.012,Argentina
BEEF,2023,THND_TONNE,2437.017,Argentina
BEEF,2024,THND_TONNE,2449.171,Argentina
BEEF,2025,THND_TONNE,2462.158,Argentina
BEEF,2026,THND_TONNE,2472.999,Argentina
BEEF,2027,THND_TONNE,2484.348,Argentina
BEEF,2028,THND_TONNE,2495.4,Argentina
BEEF,2029,THND_TONNE,2506.787,Argentina
POULTRY,1990,THND_TONNE,10047.99,United States
POULTRY,1991,THND_TONNE,10564.633,United States
POULTRY,1992,THND_TONNE,11079.007,United States
POULTRY,1993,THND_TONNE,11383.821,United States
POULTRY,1994,THND_TONNE,11681.832,United States
POULTRY,1995,THND_TONNE,11768.015,United States
POULTRY,1996,THND_TONNE,12138.6,United States
POULTRY,1997,THND_TONNE,12365.85,United States
POULTRY,1998,THND_TONNE,12618.955,United States
POULTRY,1999,THND_TONNE,13547.46,United States
POULTRY,2000,THND_TONNE,13838.213,United States
POULTRY,2001,THND_TONNE,13981.094,United States
POULTRY,2002,THND_TONNE,14775.789,United States
POULTRY,2003,THND_TONNE,15028.27,United States
POULTRY,2004,THND_TONNE,15485.106,United States
POULTRY,2005,THND_TONNE,15851.712,United States
POULTRY,2006,THND_TONNE,16081.683,United States
POULTRY,2007,THND_TONNE,15976.45,United States
POULTRY,2008,THND_TONNE,16074.879,United States
POULTRY,2009,THND_TONNE,15497.455,United States
POULTRY,2010,THND_TONNE,15990.057,United States
POULTRY,2011,THND_TONNE,16471.319,United States
POULTRY,2012,THND_TONNE,15888.453,United States
POULTRY,2013,THND_TONNE,15938.801,United States
POULTRY,2014,THND_TONNE,16313.923,United States
POULTRY,2015,THND_TONNE,17423.411,United States
POULTRY,2016,THND_TONNE,17773.585,United States
POULTRY,2017,THND_TONNE,18064.791,United States
POULTRY,2018,THND_TONNE,18376.41,United States
POULTRY,2019,THND_TONNE,18733.631,United States
POULTRY,2020,THND_TONNE,19169.036,United States
POULTRY,2021,THND_TONNE,19218.463,United States
POULTRY,2022,THND_TONNE,19364.111,United States
POULTRY,2023,THND_TONNE,19474.561,United States
POULTRY,2024,THND_TONNE,19585.797,United States
POULTRY,2025,THND_TONNE,19691.512,United States
POULTRY,2026,THND_TONNE,19797.082,United States
POULTRY,2027,THND_TONNE,19900.415,United States
POULTRY,2028,THND_TONNE,20007.565,United States
POULTRY,2029,THND_TONNE,20109.668,United States
SHEEP,1990,THND_TONNE,84.597,Argentina
SHEEP,1991,THND_TONNE,88.231,Argentina
SHEEP,1992,THND_TONNE,72.156,Argentina
SHEEP,1993,THND_TONNE,72.133,Argentina
SHEEP,1994,THND_TONNE,92.807,Argentina
SHEEP,1995,THND_TONNE,88.377,Argentina
SHEEP,1996,THND_TONNE,71.567,Argentina
SHEEP,1997,THND_TONNE,65.847,Argentina
SHEEP,1998,THND_TONNE,58.239,Argentina
SHEEP,1999,THND_TONNE,55.352,Argentina
SHEEP,2000,THND_TONNE,59.164,Argentina
SHEEP,2001,THND_TONNE,59.153,Argentina
SHEEP,2002,THND_TONNE,58.38,Argentina
SHEEP,2003,THND_TONNE,56.665,Argentina
SHEEP,2004,THND_TONNE,55.104,Argentina
SHEEP,2005,THND_TONNE,52.502,Argentina
SHEEP,2006,THND_TONNE,51.653,Argentina
SHEEP,2007,THND_TONNE,53.059,Argentina
SHEEP,2008,THND_TONNE,50.21,Argentina
SHEEP,2009,THND_TONNE,47.773,Argentina
SHEEP,2010,THND_TONNE,47.965,Argentina
SHEEP,2011,THND_TONNE,51.034,Argentina
SHEEP,2012,THND_TONNE,56.101,Argentina
SHEEP,2013,THND_TONNE,55.215,Argentina
SHEEP,2014,THND_TONNE,59.113,Argentina
SHEEP,2015,THND_TONNE,56.136,Argentina
SHEEP,2016,THND_TONNE,50.032,Argentina
SHEEP,2017,THND_TONNE,48.354,Argentina
SHEEP,2018,THND_TONNE,48.854,Argentina
SHEEP,2019,THND_TONNE,49.354,Argentina
SHEEP,2020,THND_TONNE,49.978,Argentina
SHEEP,2021,THND_TONNE,50.421,Argentina
SHEEP,2022,THND_TONNE,50.925,Argentina
SHEEP,2023,THND_TONNE,51.427,Argentina
SHEEP,2024,THND_TONNE,51.919,Argentina
SHEEP,2025,THND_TONNE,52.4,Argentina
SHEEP,2026,THND_TONNE,52.905,Argentina
SHEEP,2027,THND_TONNE,53.412,Argentina
SHEEP,2028,THND_TONNE,53.925,Argentina
SHEEP,2029,THND_TONNE,54.43,Argentina
POULTRY,1990,THND_TONNE,2118.732,Brazil
POULTRY,1991,THND_TONNE,2380.605,Brazil
POULTRY,1992,THND_TONNE,2572.767,Brazil
POULTRY,1993,THND_TONNE,2708.908,Brazil
POULTRY,1994,THND_TONNE,3007.8,Brazil
POULTRY,1995,THND_TONNE,3711.853,Brazil
POULTRY,1996,THND_TONNE,3578.253,Brazil
POULTRY,1997,THND_TONNE,3917.06,Brazil
POULTRY,1998,THND_TONNE,4338.278,Brazil
POULTRY,1999,THND_TONNE,4860.652,Brazil
POULTRY,2000,THND_TONNE,5176.023,Brazil
POULTRY,2001,THND_TONNE,5059.204,Brazil
POULTRY,2002,THND_TONNE,5535.409,Brazil
POULTRY,2003,THND_TONNE,5907.974,Brazil
POULTRY,2004,THND_TONNE,6304.614,Brazil
POULTRY,2005,THND_TONNE,5166.996,Brazil
POULTRY,2006,THND_TONNE,5615.413,Brazil
POULTRY,2007,THND_TONNE,5959.553,Brazil
POULTRY,2008,THND_TONNE,6876.862,Brazil
POULTRY,2009,THND_TONNE,6653.042,Brazil
POULTRY,2010,THND_TONNE,8676.876,Brazil
POULTRY,2011,THND_TONNE,9090.358,Brazil
POULTRY,2012,THND_TONNE,9021.138,Brazil
POULTRY,2013,THND_TONNE,8980.604,Brazil
POULTRY,2014,THND_TONNE,9156.336,Brazil
POULTRY,2015,THND_TONNE,9519.466,Brazil
POULTRY,2016,THND_TONNE,9445.025,Brazil
POULTRY,2017,THND_TONNE,9660.953,Brazil
POULTRY,2018,THND_TONNE,9547.336,Brazil
POULTRY,2019,THND_TONNE,9664.7,Brazil
POULTRY,2020,THND_TONNE,9845.757,Brazil
POULTRY,2021,THND_TONNE,9914.307,Brazil
POULTRY,2022,THND_TONNE,9953.047,Brazil
POULTRY,2023,THND_TONNE,10003.467,Brazil
POULTRY,2024,THND_TONNE,10049.345,Brazil
POULTRY,2025,THND_TONNE,10090.705,Brazil
POULTRY,2026,THND_TONNE,10124.307,Brazil
POULTRY,2027,THND_TONNE,10162.378,Brazil
POULTRY,2028,THND_TONNE,10198.018,Brazil
POULTRY,2029,THND_TONNE,10231.638,Brazil
BEEF,1990,THND_TONNE,4441.969,Brazil
BEEF,1991,THND_TONNE,4480.047,Brazil
BEEF,1992,THND_TONNE,4526.875,Brazil
BEEF,1993,THND_TONNE,4663.653,Brazil
BEEF,1994,THND_TONNE,5297.496,Brazil
BEEF,1995,THND_TONNE,5996.039,Brazil
BEEF,1996,THND_TONNE,6224.332,Brazil
BEEF,1997,THND_TONNE,5903.084,Brazil
BEEF,1998,THND_TONNE,5689.546,Brazil
BEEF,1999,THND_TONNE,6142.739,Brazil
BEEF,2000,THND_TONNE,6301.641,Brazil
BEEF,2001,THND_TONNE,6326.587,Brazil
BEEF,2002,THND_TONNE,6591.21,Brazil
BEEF,2003,THND_TONNE,7712.832,Brazil
BEEF,2004,THND_TONNE,7275.638,Brazil
BEEF,2005,THND_TONNE,7902.987,Brazil
BEEF,2006,THND_TONNE,8623.834,Brazil
BEEF,2007,THND_TONNE,8354.419,Brazil
BEEF,2008,THND_TONNE,7403.42,Brazil
BEEF,2009,THND_TONNE,7110.986,Brazil
BEEF,2010,THND_TONNE,7360.084,Brazil
BEEF,2011,THND_TONNE,7309.01,Brazil
BEEF,2012,THND_TONNE,7448.019,Brazil
BEEF,2013,THND_TONNE,7973.897,Brazil
BEEF,2014,THND_TONNE,7543.149,Brazil
BEEF,2015,THND_TONNE,7293.165,Brazil
BEEF,2016,THND_TONNE,7478.075,Brazil
BEEF,2017,THND_TONNE,7533.468,Brazil
BEEF,2018,THND_TONNE,7559.782,Brazil
BEEF,2019,THND_TONNE,7593.866,Brazil
BEEF,2020,THND_TONNE,7422.823,Brazil
BEEF,2021,THND_TONNE,7521.843,Brazil
BEEF,2022,THND_TONNE,7555.366,Brazil
BEEF,2023,THND_TONNE,7619.04,Brazil
BEEF,2024,THND_TONNE,7670.758,Brazil
BEEF,2025,THND_TONNE,7745.202,Brazil
BEEF,2026,THND_TONNE,7762.803,Brazil
BEEF,2027,THND_TONNE,7770.092,Brazil
BEEF,2028,THND_TONNE,7774.418,Brazil
BEEF,2029,THND_TONNE,7784.403,Brazil
PIG,1990,THND_TONNE,153.631,Argentina
PIG,1991,THND_TONNE,153.161,Argentina
PIG,1992,THND_TONNE,192.864,Argentina
PIG,1993,THND_TONNE,211.257,Argentina
PIG,1994,THND_TONNE,213.326,Argentina
PIG,1995,THND_TONNE,227.095,Argentina
PIG,1996,THND_TONNE,220.9,Argentina
PIG,1997,THND_TONNE,217.0,Argentina
PIG,1998,THND_TONNE,253.12,Argentina
PIG,1999,THND_TONNE,287.452,Argentina
PIG,2000,THND_TONNE,283.104,Argentina
PIG,2001,THND_TONNE,228.557,Argentina
PIG,2002,THND_TONNE,214.715,Argentina
PIG,2003,THND_TONNE,192.947,Argentina
PIG,2004,THND_TONNE,209.955,Argentina
PIG,2005,THND_TONNE,240.605,Argentina
PIG,2006,THND_TONNE,298.71,Argentina
PIG,2007,THND_TONNE,307.536,Argentina
PIG,2008,THND_TONNE,304.846,Argentina
PIG,2009,THND_TONNE,332.953,Argentina
PIG,2010,THND_TONNE,321.78,Argentina
PIG,2011,THND_TONNE,348.663,Argentina
PIG,2012,THND_TONNE,355.2,Argentina
PIG,2013,THND_TONNE,426.242,Argentina
PIG,2014,THND_TONNE,438.752,Argentina
PIG,2015,THND_TONNE,476.638,Argentina
PIG,2016,THND_TONNE,539.605,Argentina
PIG,2017,THND_TONNE,587.0,Argentina
PIG,2018,THND_TONNE,628.692,Argentina
PIG,2019,THND_TONNE,653.0,Argentina
PIG,2020,THND_TONNE,664.976,Argentina
PIG,2021,THND_TONNE,674.873,Argentina
PIG,2022,THND_TONNE,681.361,Argentina
PIG,2023,THND_TONNE,686.442,Argentina
PIG,2024,THND_TONNE,691.913,Argentina
PIG,2025,THND_TONNE,699.211,Argentina
PIG,2026,THND_TONNE,704.598,Argentina
PIG,2027,THND_TONNE,711.201,Argentina
PIG,2028,THND_TONNE,717.396,Argentina
PIG,2029,THND_TONNE,724.19,Argentina
PIG,1990,THND_TONNE,546.873,Indonesia
PIG,1991,THND_TONNE,574.818,Indonesia
PIG,1992,THND_TONNE,586.241,Indonesia
PIG,1993,THND_TONNE,622.661,Indonesia
PIG,1994,THND_TONNE,660.6,Indonesia
PIG,1995,THND_TONNE,572.569,Indonesia
PIG,1996,THND_TONNE,599.995,Indonesia
PIG,1997,THND_TONNE,633.993,Indonesia
PIG,1998,THND_TONNE,621.809,Indonesia
PIG,1999,THND_TONNE,550.063,Indonesia
PIG,2000,THND_TONNE,414.598,Indonesia
PIG,2001,THND_TONNE,419.329,Indonesia
PIG,2002,THND_TONNE,464.448,Indonesia
PIG,2003,THND_TONNE,497.905,Indonesia
PIG,2004,THND_TONNE,194.244,Indonesia
PIG,2005,THND_TONNE,176.525,Indonesia
PIG,2006,THND_TONNE,199.637,Indonesia
PIG,2007,THND_TONNE,230.742,Indonesia
PIG,2008,THND_TONNE,211.021,Indonesia
PIG,2009,THND_TONNE,200.274,Indonesia
PIG,2010,THND_TONNE,212.427,Indonesia
PIG,2011,THND_TONNE,225.419,Indonesia
PIG,2012,THND_TONNE,233.046,Indonesia
PIG,2013,THND_TONNE,300.759,Indonesia
PIG,2014,THND_TONNE,305.137,Indonesia
PIG,2015,THND_TONNE,335.881,Indonesia
PIG,2016,THND_TONNE,345.893,Indonesia
PIG,2017,THND_TONNE,345.133,Indonesia
PIG,2018,THND_TONNE,348.544,Indonesia
PIG,2019,THND_TONNE,349.35,Indonesia
PIG,2020,THND_TONNE,351.735,Indonesia
PIG,2021,THND_TONNE,359.832,Indonesia
PIG,2022,THND_TONNE,366.224,Indonesia
PIG,2023,THND_TONNE,371.763,Indonesia
PIG,2024,THND_TONNE,377.496,Indonesia
PIG,2025,THND_TONNE,382.409,Indonesia
PIG,2026,THND_TONNE,387.027,Indonesia
PIG,2027,THND_TONNE,390.762,Indonesia
PIG,2028,THND_TONNE,394.748,Indonesia
PIG,2029,THND_TONNE,398.899,Indonesia
BEEF,1990,THND_TONNE,1067.243,Japan
BEEF,1991,THND_TONNE,1142.37,Japan
BEEF,1992,THND_TONNE,1190.669,Japan
BEEF,1993,THND_TONNE,1308.383,Japan
BEEF,1994,THND_TONNE,1441.19,Japan
BEEF,1995,THND_TONNE,1517.9,Japan
BEEF,1996,THND_TONNE,1441.213,Japan
BEEF,1997,THND_TONNE,1463.358,Japan
BEEF,1998,THND_TONNE,1486.629,Japan
BEEF,1999,THND_TONNE,1486.738,Japan
BEEF,2000,THND_TONNE,1570.034,Japan
BEEF,2001,THND_TONNE,1282.592,Japan
BEEF,2002,THND_TONNE,1302.383,Japan
BEEF,2003,THND_TONNE,1276.909,Japan
BEEF,2004,THND_TONNE,1275.117,Japan
BEEF,2005,THND_TONNE,1142.902,Japan
BEEF,2006,THND_TONNE,1135.178,Japan
BEEF,2007,THND_TONNE,1171.14,Japan
BEEF,2008,THND_TONNE,1172.563,Japan
BEEF,2009,THND_TONNE,1192.209,Japan
BEEF,2010,THND_TONNE,1231.567,Japan
BEEF,2011,THND_TONNE,1233.994,Japan
BEEF,2012,THND_TONNE,1234.866,Japan
BEEF,2013,THND_TONNE,1233.086,Japan
BEEF,2014,THND_TONNE,1224.719,Japan
BEEF,2015,THND_TONNE,1150.322,Japan
BEEF,2016,THND_TONNE,1254.533,Japan
BEEF,2017,THND_TONNE,1275.113,Japan
BEEF,2018,THND_TONNE,1336.632,Japan
BEEF,2019,THND_TONNE,1366.697,Japan
BEEF,2020,THND_TONNE,1380.965,Japan
BEEF,2021,THND_TONNE,1378.735,Japan
BEEF,2022,THND_TONNE,1376.495,Japan
BEEF,2023,THND_TONNE,1357.648,Japan
BEEF,2024,THND_TONNE,1353.09,Japan
BEEF,2025,THND_TONNE,1349.406,Japan
BEEF,2026,THND_TONNE,1344.102,Japan
BEEF,2027,THND_TONNE,1339.297,Japan
BEEF,2028,THND_TONNE,1334.834,Japan
BEEF,2029,THND_TONNE,1329.991,Japan
SHEEP,1990,THND_TONNE,105.12,Japan
SHEEP,1991,THND_TONNE,107.753,Japan
SHEEP,1992,THND_TONNE,113.532,Japan
SHEEP,1993,THND_TONNE,95.979,Japan
SHEEP,1994,THND_TONNE,80.637,Japan
SHEEP,1995,THND_TONNE,82.76,Japan
SHEEP,1996,THND_TONNE,71.57,Japan
SHEEP,1997,THND_TONNE,63.16,Japan
SHEEP,1998,THND_TONNE,60.62,Japan
SHEEP,1999,THND_TONNE,50.97,Japan
SHEEP,2000,THND_TONNE,46.34,Japan
SHEEP,2001,THND_TONNE,44.52,Japan
SHEEP,2002,THND_TONNE,42.67,Japan
SHEEP,2003,THND_TONNE,36.67,Japan
SHEEP,2004,THND_TONNE,46.46,Japan
SHEEP,2005,THND_TONNE,53.06,Japan
SHEEP,2006,THND_TONNE,53.49,Japan
SHEEP,2007,THND_TONNE,38.59,Japan
SHEEP,2008,THND_TONNE,39.05,Japan
SHEEP,2009,THND_TONNE,39.44,Japan
SHEEP,2010,THND_TONNE,31.62,Japan
SHEEP,2011,THND_TONNE,31.86,Japan
SHEEP,2012,THND_TONNE,27.456,Japan
SHEEP,2013,THND_TONNE,18.168,Japan
SHEEP,2014,THND_TONNE,20.39,Japan
SHEEP,2015,THND_TONNE,18.505,Japan
SHEEP,2016,THND_TONNE,20.047,Japan
SHEEP,2017,THND_TONNE,22.192,Japan
SHEEP,2018,THND_TONNE,24.565,Japan
SHEEP,2019,THND_TONNE,25.0,Japan
SHEEP,2020,THND_TONNE,23.011,Japan
SHEEP,2021,THND_TONNE,22.622,Japan
SHEEP,2022,THND_TONNE,22.231,Japan
SHEEP,2023,THND_TONNE,21.836,Japan
SHEEP,2024,THND_TONNE,21.433,Japan
SHEEP,2025,THND_TONNE,21.032,Japan
SHEEP,2026,THND_TONNE,20.624,Japan
SHEEP,2027,THND_TONNE,20.225,Japan
SHEEP,2028,THND_TONNE,19.828,Japan
SHEEP,2029,THND_TONNE,19.427,Japan
PIG,1990,THND_TONNE,22569.99,China
PIG,1991,THND_TONNE,24242.131,China
PIG,1992,THND_TONNE,26224.895,China
PIG,1993,THND_TONNE,28374.406,China
PIG,1994,THND_TONNE,31025.051,China
PIG,1995,THND_TONNE,31721.453,China
PIG,1996,THND_TONNE,31365.242,China
PIG,1997,THND_TONNE,35777.156,China
PIG,1998,THND_TONNE,38661.555,China
PIG,1999,THND_TONNE,38839.586,China
PIG,2000,THND_TONNE,39686.121,China
PIG,2001,THND_TONNE,40418.469,China
PIG,2002,THND_TONNE,41115.684,China
PIG,2003,THND_TONNE,42155.184,China
PIG,2004,THND_TONNE,42952.356,China
PIG,2005,THND_TONNE,45083.965,China
PIG,2006,THND_TONNE,46145.875,China
PIG,2007,THND_TONNE,42750.723,China
PIG,2008,THND_TONNE,46534.063,China
PIG,2009,THND_TONNE,49378.426,China
PIG,2010,THND_TONNE,51488.337,China
PIG,2011,THND_TONNE,51740.453,China
PIG,2012,THND_TONNE,54911.485,China
PIG,2013,THND_TONNE,56738.713,China
PIG,2014,THND_TONNE,58704.595,China
PIG,2015,THND_TONNE,57268.785,China
PIG,2016,THND_TONNE,56103.999,China
PIG,2017,THND_TONNE,55877.263,China
PIG,2018,THND_TONNE,55372.369,China
PIG,2019,THND_TONNE,44791.144,China
PIG,2020,THND_TONNE,41921.655,China
PIG,2021,THND_TONNE,43843.489,China
PIG,2022,THND_TONNE,47148.477,China
PIG,2023,THND_TONNE,50153.934,China
PIG,2024,THND_TONNE,53171.456,China
PIG,2025,THND_TONNE,56207.161,China
PIG,2026,THND_TONNE,57453.51,China
PIG,2027,THND_TONNE,57735.797,China
PIG,2028,THND_TONNE,57997.07,China
PIG,2029,THND_TONNE,58277.44,China
POULTRY,1990,THND_TONNE,508.904,Indonesia
POULTRY,1991,THND_TONNE,583.773,Indonesia
POULTRY,1992,THND_TONNE,547.633,Indonesia
POULTRY,1993,THND_TONNE,698.79,Indonesia
POULTRY,1994,THND_TONNE,816.4,Indonesia
POULTRY,1995,THND_TONNE,876.814,Indonesia
POULTRY,1996,THND_TONNE,949.208,Indonesia
POULTRY,1997,THND_TONNE,899.47,Indonesia
POULTRY,1998,THND_TONNE,618.346,Indonesia
POULTRY,1999,THND_TONNE,626.32,Indonesia
POULTRY,2000,THND_TONNE,831.655,Indonesia
POULTRY,2001,THND_TONNE,923.424,Indonesia
POULTRY,2002,THND_TONNE,1102.606,Indonesia
POULTRY,2003,THND_TONNE,1135.506,Indonesia
POULTRY,2004,THND_TONNE,1214.33,Indonesia
POULTRY,2005,THND_TONNE,1151.101,Indonesia
POULTRY,2006,THND_TONNE,1288.535,Indonesia
POULTRY,2007,THND_TONNE,1345.908,Indonesia
POULTRY,2008,THND_TONNE,1386.307,Indonesia
POULTRY,2009,THND_TONNE,1433.328,Indonesia
POULTRY,2010,THND_TONNE,1561.433,Indonesia
POULTRY,2011,THND_TONNE,1689.556,Indonesia
POULTRY,2012,THND_TONNE,1764.764,Indonesia
POULTRY,2013,THND_TONNE,1870.129,Indonesia
POULTRY,2014,THND_TONNE,1971.367,Indonesia
POULTRY,2015,THND_TONNE,2065.497,Indonesia
POULTRY,2016,THND_TONNE,2344.211,Indonesia
POULTRY,2017,THND_TONNE,2299.763,Indonesia
POULTRY,2018,THND_TONNE,2287.832,Indonesia
POULTRY,2019,THND_TONNE,2377.9,Indonesia
POULTRY,2020,THND_TONNE,2444.842,Indonesia
POULTRY,2021,THND_TONNE,2514.993,Indonesia
POULTRY,2022,THND_TONNE,2589.574,Indonesia
POULTRY,2023,THND_TONNE,2663.99,Indonesia
POULTRY,2024,THND_TONNE,2741.345,Indonesia
POULTRY,2025,THND_TONNE,2815.658,Indonesia
POULTRY,2026,THND_TONNE,2890.674,Indonesia
POULTRY,2027,THND_TONNE,2960.408,Indonesia
POULTRY,2028,THND_TONNE,3033.567,Indonesia
POULTRY,2029,THND_TONNE,3107.888,Indonesia
BEEF,1990,THND_TONNE,2050.966,India
BEEF,1991,THND_TONNE,2059.275,India
BEEF,1992,THND_TONNE,2091.774,India
BEEF,1993,THND_TONNE,2080.765,India
BEEF,1994,THND_TONNE,2075.36,India
BEEF,1995,THND_TONNE,2041.208,India
BEEF,1996,THND_TONNE,2053.352,India
BEEF,1997,THND_TONNE,2044.225,India
BEEF,1998,THND_TONNE,2071.752,India
BEEF,1999,THND_TONNE,2063.095,India
BEEF,2000,THND_TONNE,1953.795,India
BEEF,2001,THND_TONNE,2004.632,India
BEEF,2002,THND_TONNE,1956.635,India
BEEF,2003,THND_TONNE,1867.213,India
BEEF,2004,THND_TONNE,1858.992,India
BEEF,2005,THND_TONNE,1779.842,India
BEEF,2006,THND_TONNE,1765.729,India
BEEF,2007,THND_TONNE,1805.257,India
BEEF,2008,THND_TONNE,1822.301,India
BEEF,2009,THND_TONNE,1897.178,India
BEEF,2010,THND_TONNE,1646.553,India
BEEF,2011,THND_TONNE,1339.879,India
BEEF,2012,THND_TONNE,1208.681,India
BEEF,2013,THND_TONNE,835.072,India
BEEF,2014,THND_TONNE,642.944,India
BEEF,2015,THND_TONNE,839.343,India
BEEF,2016,THND_TONNE,886.248,India
BEEF,2017,THND_TONNE,815.987,India
BEEF,2018,THND_TONNE,1089.271,India
BEEF,2019,THND_TONNE,1039.304,India
BEEF,2020,THND_TONNE,1050.979,India
BEEF,2021,THND_TONNE,1069.44,India
BEEF,2022,THND_TONNE,1083.922,India
BEEF,2023,THND_TONNE,1101.079,India
BEEF,2024,THND_TONNE,1114.054,India
BEEF,2025,THND_TONNE,1131.926,India
BEEF,2026,THND_TONNE,1147.422,India
BEEF,2027,THND_TONNE,1160.146,India
BEEF,2028,THND_TONNE,1173.833,India
BEEF,2029,THND_TONNE,1184.822,India
POULTRY,1990,THND_TONNE,848.035,Mexico
POULTRY,1991,THND_TONNE,995.553,Mexico
POULTRY,1992,THND_TONNE,1071.894,Mexico
POULTRY,1993,THND_TONNE,1261.1,Mexico
POULTRY,1994,THND_TONNE,1369.909,Mexico
POULTRY,1995,THND_TONNE,1515.516,Mexico
POULTRY,1996,THND_TONNE,1505.322,Mexico
POULTRY,1997,THND_TONNE,1750.495,Mexico
POULTRY,1998,THND_TONNE,1931.271,Mexico
POULTRY,1999,THND_TONNE,2080.252,Mexico
POULTRY,2000,THND_TONNE,2229.966,Mexico
POULTRY,2001,THND_TONNE,2351.655,Mexico
POULTRY,2002,THND_TONNE,2516.807,Mexico
POULTRY,2003,THND_TONNE,2686.007,Mexico
POULTRY,2004,THND_TONNE,2783.345,Mexico
POULTRY,2005,THND_TONNE,3029.62,Mexico
POULTRY,2006,THND_TONNE,3112.794,Mexico
POULTRY,2007,THND_TONNE,3167.94,Mexico
POULTRY,2008,THND_TONNE,3261.932,Mexico
POULTRY,2009,THND_TONNE,3314.587,Mexico
POULTRY,2010,THND_TONNE,3421.165,Mexico
POULTRY,2011,THND_TONNE,3532.197,Mexico
POULTRY,2012,THND_TONNE,3612.905,Mexico
POULTRY,2013,THND_TONNE,3690.316,Mexico
POULTRY,2014,THND_TONNE,3801.833,Mexico
POULTRY,2015,THND_TONNE,3928.083,Mexico
POULTRY,2016,THND_TONNE,4073.135,Mexico
POULTRY,2017,THND_TONNE,4223.313,Mexico
POULTRY,2018,THND_TONNE,4316.464,Mexico
POULTRY,2019,THND_TONNE,4426.506,Mexico
POULTRY,2020,THND_TONNE,4481.279,Mexico
POULTRY,2021,THND_TONNE,4545.59,Mexico
POULTRY,2022,THND_TONNE,4607.493,Mexico
POULTRY,2023,THND_TONNE,4666.412,Mexico
POULTRY,2024,THND_TONNE,4726.808,Mexico
POULTRY,2025,THND_TONNE,4786.412,Mexico
POULTRY,2026,THND_TONNE,4844.737,Mexico
POULTRY,2027,THND_TONNE,4903.168,Mexico
POULTRY,2028,THND_TONNE,4961.435,Mexico
POULTRY,2029,THND_TONNE,5019.424,Mexico
BEEF,1990,THND_TONNE,885.416,Mexico
BEEF,1991,THND_TONNE,1096.477,Mexico
BEEF,1992,THND_TONNE,1165.183,Mexico
BEEF,1993,THND_TONNE,1075.554,Mexico
BEEF,1994,THND_TONNE,1285.064,Mexico
BEEF,1995,THND_TONNE,1119.742,Mexico
BEEF,1996,THND_TONNE,1321.371,Mexico
BEEF,1997,THND_TONNE,1377.33,Mexico
BEEF,1998,THND_TONNE,1507.122,Mexico
BEEF,1999,THND_TONNE,1515.51,Mexico
BEEF,2000,THND_TONNE,1524.53,Mexico
BEEF,2001,THND_TONNE,1583.0,Mexico
BEEF,2002,THND_TONNE,1717.57,Mexico
BEEF,2003,THND_TONNE,1613.165,Mexico
BEEF,2004,THND_TONNE,1553.857,Mexico
BEEF,2005,THND_TONNE,1616.017,Mexico
BEEF,2006,THND_TONNE,1538.146,Mexico
BEEF,2007,THND_TONNE,1669.408,Mexico
BEEF,2008,THND_TONNE,1776.01,Mexico
BEEF,2009,THND_TONNE,1695.545,Mexico
BEEF,2010,THND_TONNE,1624.429,Mexico
BEEF,2011,THND_TONNE,1496.711,Mexico
BEEF,2012,THND_TONNE,1516.946,Mexico
BEEF,2013,THND_TONNE,1531.758,Mexico
BEEF,2014,THND_TONNE,1532.06,Mexico
BEEF,2015,THND_TONNE,1551.635,Mexico
BEEF,2016,THND_TONNE,1609.356,Mexico
BEEF,2017,THND_TONNE,1633.086,Mexico
BEEF,2018,THND_TONNE,1666.224,Mexico
BEEF,2019,THND_TONNE,1670.708,Mexico
BEEF,2020,THND_TONNE,1652.375,Mexico
BEEF,2021,THND_TONNE,1672.105,Mexico
BEEF,2022,THND_TONNE,1690.816,Mexico
BEEF,2023,THND_TONNE,1714.723,Mexico
BEEF,2024,THND_TONNE,1742.251,Mexico
BEEF,2025,THND_TONNE,1758.614,Mexico
BEEF,2026,THND_TONNE,1779.542,Mexico
BEEF,2027,THND_TONNE,1790.538,Mexico
BEEF,2028,THND_TONNE,1801.876,Mexico
BEEF,2029,THND_TONNE,1809.618,Mexico
POULTRY,1990,THND_TONNE,1784.404,Japan
POULTRY,1991,THND_TONNE,1680.944,Japan
POULTRY,1992,THND_TONNE,1736.809,Japan
POULTRY,1993,THND_TONNE,1707.512,Japan
POULTRY,1994,THND_TONNE,1787.153,Japan
POULTRY,1995,THND_TONNE,1804.29,Japan
POULTRY,1996,THND_TONNE,1866.966,Japan
POULTRY,1997,THND_TONNE,1820.708,Japan
POULTRY,1998,THND_TONNE,1727.12,Japan
POULTRY,1999,THND_TONNE,1737.49,Japan
POULTRY,2000,THND_TONNE,1860.738,Japan
POULTRY,2001,THND_TONNE,1917.739,Japan
POULTRY,2002,THND_TONNE,1862.648,Japan
POULTRY,2003,THND_TONNE,1844.257,Japan
POULTRY,2004,THND_TONNE,1805.436,Japan
POULTRY,2005,THND_TONNE,1917.83,Japan
POULTRY,2006,THND_TONNE,1952.02,Japan
POULTRY,2007,THND_TONNE,1969.78,Japan
POULTRY,2008,THND_TONNE,1946.9,Japan
POULTRY,2009,THND_TONNE,1998.77,Japan
POULTRY,2010,THND_TONNE,2085.61,Japan
POULTRY,2011,THND_TONNE,2075.234,Japan
POULTRY,2012,THND_TONNE,2206.41,Japan
POULTRY,2013,THND_TONNE,2193.19,Japan
POULTRY,2014,THND_TONNE,2226.18,Japan
POULTRY,2015,THND_TONNE,2301.733,Japan
POULTRY,2016,THND_TONNE,2368.674,Japan
POULTRY,2017,THND_TONNE,2448.227,Japan
POULTRY,2018,THND_TONNE,2511.438,Japan
POULTRY,2019,THND_TONNE,2551.921,Japan
POULTRY,2020,THND_TONNE,2548.8,Japan
POULTRY,2021,THND_TONNE,2547.457,Japan
POULTRY,2022,THND_TONNE,2546.122,Japan
POULTRY,2023,THND_TONNE,2544.783,Japan
POULTRY,2024,THND_TONNE,2543.448,Japan
POULTRY,2025,THND_TONNE,2542.112,Japan
POULTRY,2026,THND_TONNE,2540.776,Japan
POULTRY,2027,THND_TONNE,2539.44,Japan
POULTRY,2028,THND_TONNE,2538.103,Japan
POULTRY,2029,THND_TONNE,2536.766,Japan
POULTRY,1990,THND_TONNE,0.0,China
POULTRY,1991,THND_TONNE,3928.558,China
POULTRY,1992,THND_TONNE,4479.748,China
POULTRY,1993,THND_TONNE,5722.122,China
POULTRY,1994,THND_TONNE,6566.2,China
POULTRY,1995,THND_TONNE,8380.38,China
POULTRY,1996,THND_TONNE,8416.131,China
POULTRY,1997,THND_TONNE,9676.612,China
POULTRY,1998,THND_TONNE,10756.478,China
POULTRY,1999,THND_TONNE,11270.593,China
POULTRY,2000,THND_TONNE,12244.767,China
POULTRY,2001,THND_TONNE,11941.14,China
POULTRY,2002,THND_TONNE,12059.592,China
POULTRY,2003,THND_TONNE,12608.265,China
POULTRY,2004,THND_TONNE,12449.588,China
POULTRY,2005,THND_TONNE,13392.821,China
POULTRY,2006,THND_TONNE,13830.221,China
POULTRY,2007,THND_TONNE,14920.952,China
POULTRY,2008,THND_TONNE,15920.892,China
POULTRY,2009,THND_TONNE,16443.028,China
POULTRY,2010,THND_TONNE,16754.617,China
POULTRY,2011,THND_TONNE,17087.698,China
POULTRY,2012,THND_TONNE,18309.687,China
POULTRY,2013,THND_TONNE,18113.205,China
POULTRY,2014,THND_TONNE,17522.478,China
POULTRY,2015,THND_TONNE,18263.344,China
POULTRY,2016,THND_TONNE,19105.245,China
POULTRY,2017,THND_TONNE,18997.384,China
POULTRY,2018,THND_TONNE,19992.247,China
POULTRY,2019,THND_TONNE,22845.357,China
POULTRY,2020,THND_TONNE,23210.239,China
POULTRY,2021,THND_TONNE,22972.585,China
POULTRY,2022,THND_TONNE,22748.53,China
POULTRY,2023,THND_TONNE,22836.824,China
POULTRY,2024,THND_TONNE,22933.354,China
POULTRY,2025,THND_TONNE,23027.521,China
POULTRY,2026,THND_TONNE,23167.931,China
POULTRY,2027,THND_TONNE,23310.931,China
POULTRY,2028,THND_TONNE,23453.194,China
POULTRY,2029,THND_TONNE,23590.693,China
SHEEP,1990,THND_TONNE,44.729,Mexico
SHEEP,1991,THND_TONNE,59.119,Mexico
SHEEP,1992,THND_TONNE,64.495,Mexico
SHEEP,1993,THND_TONNE,66.582,Mexico
SHEEP,1994,THND_TONNE,70.445,Mexico
SHEEP,1995,THND_TONNE,44.176,Mexico
SHEEP,1996,THND_TONNE,43.861,Mexico
SHEEP,1997,THND_TONNE,54.704,Mexico
SHEEP,1998,THND_TONNE,57.993,Mexico
SHEEP,1999,THND_TONNE,66.794,Mexico
SHEEP,2000,THND_TONNE,80.293,Mexico
SHEEP,2001,THND_TONNE,86.194,Mexico
SHEEP,2002,THND_TONNE,87.904,Mexico
SHEEP,2003,THND_TONNE,118.775,Mexico
SHEEP,2004,THND_TONNE,103.257,Mexico
SHEEP,2005,THND_TONNE,86.041,Mexico
SHEEP,2006,THND_TONNE,83.702,Mexico
SHEEP,2007,THND_TONNE,86.353,Mexico
SHEEP,2008,THND_TONNE,85.731,Mexico
SHEEP,2009,THND_TONNE,77.294,Mexico
SHEEP,2010,THND_TONNE,72.87,Mexico
SHEEP,2011,THND_TONNE,70.268,Mexico
SHEEP,2012,THND_TONNE,65.918,Mexico
SHEEP,2013,THND_TONNE,74.956,Mexico
SHEEP,2014,THND_TONNE,74.994,Mexico
SHEEP,2015,THND_TONNE,76.713,Mexico
SHEEP,2016,THND_TONNE,73.362,Mexico
SHEEP,2017,THND_TONNE,74.991,Mexico
SHEEP,2018,THND_TONNE,76.36,Mexico
SHEEP,2019,THND_TONNE,79.034,Mexico
SHEEP,2020,THND_TONNE,79.689,Mexico
SHEEP,2021,THND_TONNE,80.207,Mexico
SHEEP,2022,THND_TONNE,80.757,Mexico
SHEEP,2023,THND_TONNE,81.414,Mexico
SHEEP,2024,THND_TONNE,82.138,Mexico
SHEEP,2025,THND_TONNE,83.042,Mexico
SHEEP,2026,THND_TONNE,83.785,Mexico
SHEEP,2027,THND_TONNE,84.549,Mexico
SHEEP,2028,THND_TONNE,85.387,Mexico
SHEEP,2029,THND_TONNE,86.184,Mexico
BEEF,1990,THND_TONNE,1074.938,China
BEEF,1991,THND_TONNE,1278.732,China
BEEF,1992,THND_TONNE,1725.372,China
BEEF,1993,THND_TONNE,2186.401,China
BEEF,1994,THND_TONNE,2676.4,China
BEEF,1995,THND_TONNE,3463.373,China
BEEF,1996,THND_TONNE,3476.646,China
BEEF,1997,THND_TONNE,4329.813,China
BEEF,1998,THND_TONNE,4726.792,China
BEEF,1999,THND_TONNE,5013.457,China
BEEF,2000,THND_TONNE,4949.386,China
BEEF,2001,THND_TONNE,5040.833,China
BEEF,2002,THND_TONNE,5196.594,China
BEEF,2003,THND_TONNE,5382.253,China
BEEF,2004,THND_TONNE,5534.334,China
BEEF,2005,THND_TONNE,5578.666,China
BEEF,2006,THND_TONNE,5646.492,China
BEEF,2007,THND_TONNE,6013.338,China
BEEF,2008,THND_TONNE,6044.516,China
BEEF,2009,THND_TONNE,6209.607,China
BEEF,2010,THND_TONNE,6231.916,China
BEEF,2011,THND_TONNE,6042.417,China
BEEF,2012,THND_TONNE,6142.148,China
BEEF,2013,THND_TONNE,6422.506,China
BEEF,2014,THND_TONNE,6440.543,China
BEEF,2015,THND_TONNE,6690.265,China
BEEF,2016,THND_TONNE,6833.547,China
BEEF,2017,THND_TONNE,7150.773,China
BEEF,2018,THND_TONNE,7377.397,China
BEEF,2019,THND_TONNE,8369.277,China
BEEF,2020,THND_TONNE,8606.817,China
BEEF,2021,THND_TONNE,8546.711,China
BEEF,2022,THND_TONNE,8472.769,China
BEEF,2023,THND_TONNE,8396.019,China
BEEF,2024,THND_TONNE,8321.715,China
BEEF,2025,THND_TONNE,8250.642,China
BEEF,2026,THND_TONNE,8286.993,China
BEEF,2027,THND_TONNE,8307.58,China
BEEF,2028,THND_TONNE,8330.168,China
BEEF,2029,THND_TONNE,8350.721,China
SHEEP,1990,THND_TONNE,90.267,Indonesia
SHEEP,1991,THND_TONNE,94.734,Indonesia
SHEEP,1992,THND_TONNE,99.681,Indonesia
SHEEP,1993,THND_TONNE,111.769,Indonesia
SHEEP,1994,THND_TONNE,100.0,Indonesia
SHEEP,1995,THND_TONNE,95.021,Indonesia
SHEEP,1996,THND_TONNE,99.34,Indonesia
SHEEP,1997,THND_TONNE,107.865,Indonesia
SHEEP,1998,THND_TONNE,82.028,Indonesia
SHEEP,1999,THND_TONNE,78.208,Indonesia
SHEEP,2000,THND_TONNE,78.857,Indonesia
SHEEP,2001,THND_TONNE,94.078,Indonesia
SHEEP,2002,THND_TONNE,127.062,Indonesia
SHEEP,2003,THND_TONNE,144.959,Indonesia
SHEEP,2004,THND_TONNE,123.703,Indonesia
SHEEP,2005,THND_TONNE,98.761,Indonesia
SHEEP,2006,THND_TONNE,140.903,Indonesia
SHEEP,2007,THND_TONNE,121.037,Indonesia
SHEEP,2008,THND_TONNE,113.753,Indonesia
SHEEP,2009,THND_TONNE,128.935,Indonesia
SHEEP,2010,THND_TONNE,114.445,Indonesia
SHEEP,2011,THND_TONNE,114.126,Indonesia
SHEEP,2012,THND_TONNE,110.748,Indonesia
SHEEP,2013,THND_TONNE,108.016,Indonesia
SHEEP,2014,THND_TONNE,110.683,Indonesia
SHEEP,2015,THND_TONNE,112.205,Indonesia
SHEEP,2016,THND_TONNE,115.851,Indonesia
SHEEP,2017,THND_TONNE,127.38,Indonesia
SHEEP,2018,THND_TONNE,130.033,Indonesia
SHEEP,2019,THND_TONNE,132.199,Indonesia
SHEEP,2020,THND_TONNE,132.611,Indonesia
SHEEP,2021,THND_TONNE,134.078,Indonesia
SHEEP,2022,THND_TONNE,135.982,Indonesia
SHEEP,2023,THND_TONNE,138.017,Indonesia
SHEEP,2024,THND_TONNE,139.991,Indonesia
SHEEP,2025,THND_TONNE,141.787,Indonesia
SHEEP,2026,THND_TONNE,143.605,Indonesia
SHEEP,2027,THND_TONNE,145.146,Indonesia
SHEEP,2028,THND_TONNE,146.691,Indonesia
SHEEP,2029,THND_TONNE,148.183,Indonesia
PIG,1990,THND_TONNE,412.997,India
PIG,1991,THND_TONNE,427.0,India
PIG,1992,THND_TONNE,444.493,India
PIG,1993,THND_TONNE,447.943,India
PIG,1994,THND_TONNE,450.8,India
PIG,1995,THND_TONNE,453.883,India
PIG,1996,THND_TONNE,558.107,India
PIG,1997,THND_TONNE,464.398,India
PIG,1998,THND_TONNE,463.283,India
PIG,1999,THND_TONNE,464.38,India
PIG,2000,THND_TONNE,465.562,India
PIG,2001,THND_TONNE,466.641,India
PIG,2002,THND_TONNE,467.369,India
PIG,2003,THND_TONNE,469.499,India
PIG,2004,THND_TONNE,443.827,India
PIG,2005,THND_TONNE,425.033,India
PIG,2006,THND_TONNE,404.437,India
PIG,2007,THND_TONNE,385.206,India
PIG,2008,THND_TONNE,379.46,India
PIG,2009,THND_TONNE,379.072,India
PIG,2010,THND_TONNE,371.227,India
PIG,2011,THND_TONNE,364.608,India
PIG,2012,THND_TONNE,357.74,India
PIG,2013,THND_TONNE,354.097,India
PIG,2014,THND_TONNE,350.495,India
PIG,2015,THND_TONNE,344.159,India
PIG,2016,THND_TONNE,316.733,India
PIG,2017,THND_TONNE,305.668,India
PIG,2018,THND_TONNE,300.035,India
PIG,2019,THND_TONNE,296.187,India
PIG,2020,THND_TONNE,297.212,India
PIG,2021,THND_TONNE,294.972,India
PIG,2022,THND_TONNE,294.206,India
PIG,2023,THND_TONNE,292.501,India
PIG,2024,THND_TONNE,290.329,India
PIG,2025,THND_TONNE,287.801,India
PIG,2026,THND_TONNE,284.859,India
PIG,2027,THND_TONNE,281.367,India
PIG,2028,THND_TONNE,277.538,India
PIG,2029,THND_TONNE,273.783,India
SHEEP,1990,THND_TONNE,0.0,China
SHEEP,1991,THND_TONNE,1177.752,China
SHEEP,1992,THND_TONNE,1248.4,China
SHEEP,1993,THND_TONNE,1371.189,China
SHEEP,1994,THND_TONNE,1479.1,China
SHEEP,1995,THND_TONNE,1745.15,China
SHEEP,1996,THND_TONNE,1812.294,China
SHEEP,1997,THND_TONNE,2130.744,China
SHEEP,1998,THND_TONNE,2352.357,China
SHEEP,1999,THND_TONNE,2519.983,China
SHEEP,2000,THND_TONNE,2663.427,China
SHEEP,2001,THND_TONNE,2704.65,China
SHEEP,2002,THND_TONNE,2830.081,China
SHEEP,2003,THND_TONNE,3067.875,China
SHEEP,2004,THND_TONNE,3291.055,China
SHEEP,2005,THND_TONNE,3461.319,China
SHEEP,2006,THND_TONNE,3594.509,China
SHEEP,2007,THND_TONNE,3801.743,China
SHEEP,2008,THND_TONNE,3792.314,China
SHEEP,2009,THND_TONNE,3899.327,China
SHEEP,2010,THND_TONNE,4036.742,China
SHEEP,2011,THND_TONNE,4005.576,China
SHEEP,2012,THND_TONNE,4128.894,China
SHEEP,2013,THND_TONNE,4336.856,China
SHEEP,2014,THND_TONNE,4560.503,China
SHEEP,2015,THND_TONNE,4629.548,China
SHEEP,2016,THND_TONNE,4812.735,China
SHEEP,2017,THND_TONNE,4923.317,China
SHEEP,2018,THND_TONNE,5030.158,China
SHEEP,2019,THND_TONNE,5270.919,China
SHEEP,2020,THND_TONNE,5405.547,China
SHEEP,2021,THND_TONNE,5501.679,China
SHEEP,2022,THND_TONNE,5599.982,China
SHEEP,2023,THND_TONNE,5695.791,China
SHEEP,2024,THND_TONNE,5790.4,China
SHEEP,2025,THND_TONNE,5885.98,China
SHEEP,2026,THND_TONNE,5916.486,China
SHEEP,2027,THND_TONNE,5948.877,China
SHEEP,2028,THND_TONNE,5982.26,China
SHEEP,2029,THND_TONNE,6013.92,China
PIG,1990,THND_TONNE,789.761,Mexico
PIG,1991,THND_TONNE,865.575,Mexico
PIG,1992,THND_TONNE,874.326,Mexico
PIG,1993,THND_TONNE,867.531,Mexico
PIG,1994,THND_TONNE,948.929,Mexico
PIG,1995,THND_TONNE,945.392,Mexico
PIG,1996,THND_TONNE,927.596,Mexico
PIG,1997,THND_TONNE,970.427,Mexico
PIG,1998,THND_TONNE,1041.898,Mexico
PIG,1999,THND_TONNE,1083.245,Mexico
PIG,2000,THND_TONNE,1170.036,Mexico
PIG,2001,THND_TONNE,1210.737,Mexico
PIG,2002,THND_TONNE,1264.078,Mexico
PIG,2003,THND_TONNE,1320.108,Mexico
PIG,2004,THND_TONNE,1371.296,Mexico
PIG,2005,THND_TONNE,1369.725,Mexico
PIG,2006,THND_TONNE,1416.922,Mexico
PIG,2007,THND_TONNE,1440.425,Mexico
PIG,2008,THND_TONNE,1447.896,Mexico
PIG,2009,THND_TONNE,1598.238,Mexico
PIG,2010,THND_TONNE,1607.459,Mexico
PIG,2011,THND_TONNE,1532.55,Mexico
PIG,2012,THND_TONNE,1679.2,Mexico
PIG,2013,THND_TONNE,1776.725,Mexico
PIG,2014,THND_TONNE,1810.469,Mexico
PIG,2015,THND_TONNE,1957.032,Mexico
PIG,2016,THND_TONNE,2030.253,Mexico
PIG,2017,THND_TONNE,2128.381,Mexico
PIG,2018,THND_TONNE,2273.038,Mexico
PIG,2019,THND_TONNE,2355.323,Mexico
PIG,2020,THND_TONNE,2383.541,Mexico
PIG,2021,THND_TONNE,2420.584,Mexico
PIG,2022,THND_TONNE,2451.052,Mexico
PIG,2023,THND_TONNE,2481.401,Mexico
PIG,2024,THND_TONNE,2512.584,Mexico
PIG,2025,THND_TONNE,2543.809,Mexico
PIG,2026,THND_TONNE,2574.55,Mexico
PIG,2027,THND_TONNE,2605.359,Mexico
PIG,2028,THND_TONNE,2635.276,Mexico
PIG,2029,THND_TONNE,2666.344,Mexico
